prompt,topic,branded,stage,source,score,why
รถยนต์ไฟฟ้ายี่ห้อไหนแบตเตอรี่ปลอดภัยที่สุด ไม่ไฟไหม้ รับประกันแบตนานที่สุด,ความปลอดภัย/แบต,N,Comparison,ai,2.8,Comparison · ความกังวลหลัก + เสี่ยงถ้า AI ตอบผิด
รถยนต์ไฟฟ้าราคาไม่เกิน 8 แสน ยี่ห้อไหนคุ้มที่สุด วิ่งในเมืองทุกวัน,คุ้มค่า,N,Comparison,keyword,2.7,Comparison · งบชัด + มี volume คำว่า รถ ev
รถยนต์ไฟฟ้า SUV ไซซ์กลาง สำหรับครอบครัว งบ 1.2 ล้าน รุ่นไหนปลอดภัยสุด,ความปลอดภัย/แบต,N,Comparison,ai,2.6,Comparison · กลุ่มครอบครัว + ความปลอดภัย
อยู่คอนโด ชาร์จที่บ้านไม่ได้ งบไม่เกิน 1 ล้าน รถยนต์ไฟฟ้ารุ่นไหนเหมาะที่สุด,ชาร์จสะดวก,N,Comparison,ai,2.5,Comparison · คนเมืองกลุ่มใหญ่ AI ตอบเป็นรายชื่อรุ่น
ซื้อรถ EV คันแรก ไม่มีที่ชาร์จที่บ้าน ควรเลือกยี่ห้อไหนที่มีสถานีชาร์จเยอะในกรุงเทพ,ชาร์จสะดวก,N,Decision,ai,2.5,Decision · เกณฑ์ตัดสินใจจริงคือเครือข่ายชาร์จ
เทียบรถยนต์ไฟฟ้า MG Tesla Deepal ยี่ห้อไหนดีที่สุดสำหรับคนซื้อคันแรก,คุ้มค่า,N,Decision,ai,2.5,Decision · เทียบหลายแบรนด์ เห็นว่า AI ดึงเราเข้ามาไหม
รถ EV กับรถน้ำมัน ใช้ 5 ปี ค่าใช้จ่ายรวมต่างกันเท่าไร รุ่นไหนคุ้มสุด,คุ้มค่า,N,Evaluation,ai,2.0,Evaluation · เปิดทางเทียบค่าใช้จ่ายรวม
BYD Atto 3 ราคาเท่าไร รับประกันแบตกี่ปี ค่าบำรุงรักษาต่อปีเท่าไร,ความปลอดภัย/แบต,Y,Decision,keyword,3.0,Branded · ตรวจว่า AI พูดราคา/ประกันถูกไหม
BYD กับ MG รถไฟฟ้ายี่ห้อไหนดีกว่ากัน เรื่องคุณภาพและศูนย์บริการ,คุ้มค่า,Y,Decision,ai,2.5,Branded · เทียบตรงกับคู่แข่งหลัก
รถ BYD มีข้อเสียอะไรบ้าง ขายต่อราคาตกไหม,คุ้มค่า,Y,Decision,customer,2.5,Branded · sentiment + ความกังวลราคาขายต่อ
